Staff ID,Department,Shift Duration (Hours),Workdays per Month,Satisfaction Score,Years of Experience
S00000,Pediatrics,10,17,1.56,17
S00001,General Medicine,12,22,2.78,9
S00002,ER,8,19,3.5,10
S00003,Pediatrics,8,24,2.96,10
S00004,Pediatrics,8,21,2.61,7
S00005,General Medicine,8,18,4.98,16
S00006,ER,8,18,4.52,18
S00007,ER,8,22,3.49,6
S00008,Pediatrics,8,28,3.28,1
S00009,ICU,10,22,3.48,1
S00010,Pediatrics,12,16,1.81,12
S00011,Pediatrics,8,28,2.58,2
S00012,Pediatrics,10,16,1.16,4
S00013,Pediatrics,10,17,2.9,17
S00014,General Medicine,12,29,3.17,4
S00015,ER,8,26,1.91,11
S00016,General Medicine,12,26,4.86,4
S00017,General Medicine,8,17,4.64,1
S00018,General Medicine,10,15,3.89,7
S00019,Pediatrics,10,29,3.13,18
S00020,ICU,10,28,4.48,9
S00021,ER,10,17,1.52,3
S00022,ICU,12,20,4.16,8
S00023,General Medicine,8,22,1.5,19
S00024,General Medicine,8,27,4.18,4
S00025,ICU,12,26,2.1,18
S00026,ICU,8,28,4.51,11
S00027,ICU,10,24,4.78,14
S00028,General Medicine,8,20,1.6,18
S00029,General Medicine,10,19,2.85,16
S00030,ER,12,29,4.92,3
S00031,ER,8,18,2.93,15
S00032,General Medicine,12,17,4.45,4
S00033,ICU,8,27,3.35,5
S00034,ICU,10,18,2.5,17
S00035,ER,12,28,2.14,7
S00036,General Medicine,8,21,1.81,16
S00037,ER,10,15,4.05,14
S00038,ER,12,21,2.55,16
S00039,Pediatrics,12,15,3.05,7
S00040,Pediatrics,8,16,2.97,9
S00041,Pediatrics,8,29,3.31,4
S00042,ICU,8,18,4.46,11
S00043,General Medicine,10,15,4.92,2
S00044,General Medicine,8,25,2.63,12
S00045,General Medicine,12,26,4.31,12
S00046,General Medicine,12,25,4.06,4
S00047,Pediatrics,8,29,3.29,18
S00048,ICU,8,25,4.82,7
S00049,ICU,12,23,1.8,1
S00050,Pediatrics,10,26,1.44,13
S00051,ICU,8,20,4.42,6
S00052,Pediatrics,8,27,2.76,6
S00053,General Medicine,12,15,4.39,12
S00054,Pediatrics,8,15,4.57,8
S00055,General Medicine,10,20,1.25,19
S00056,General Medicine,12,18,4.53,5
S00057,ER,8,18,2.79,18
S00058,Pediatrics,12,29,3.04,5
S00059,ER,8,25,3.51,10
S00060,Pediatrics,8,29,4.71,1
S00061,Pediatrics,8,20,1.08,10
S00062,ER,10,29,2.91,5
S00063,ER,10,28,3.75,12
S00064,Pediatrics,12,26,3.89,7
S00065,ICU,8,25,3.77,9
S00066,General Medicine,8,21,1.54,12
S00067,ER,10,23,2.2,1
S00068,General Medicine,8,24,2.43,11
S00069,ICU,10,19,4.22,15
S00070,ICU,8,23,2.12,2
S00071,ICU,12,18,1.84,7
S00072,ER,8,27,4.83,12
S00073,ICU,8,24,1.04,18
S00074,ER,10,16,4.99,3
S00075,ICU,8,17,3.71,7
S00076,General Medicine,8,27,4.31,11
S00077,General Medicine,10,25,2.18,18
S00078,Pediatrics,12,15,1.06,12
S00079,General Medicine,12,28,3.95,6
S00080,Pediatrics,10,28,4.34,5
S00081,General Medicine,10,20,3.96,1
S00082,ER,10,27,1.57,12
S00083,General Medicine,10,20,4.01,11
S00084,Pediatrics,10,15,4.08,4
S00085,Pediatrics,12,25,3.63,18
S00086,ICU,12,27,4.06,4
S00087,ER,10,17,4.38,17
S00088,General Medicine,8,19,3.45,2
S00089,ICU,10,17,1.35,2
S00090,General Medicine,8,24,2.95,12
S00091,General Medicine,10,17,1.31,6
S00092,ICU,10,28,2.63,10
S00093,ICU,12,24,2.63,16
S00094,ICU,8,17,1.26,14
S00095,ICU,8,19,2.4,7
S00096,ICU,12,27,1.44,19
S00097,General Medicine,12,19,4.23,17
S00098,ICU,12,18,4.79,9
S00099,ER,12,15,1.29,13
S00100,Pediatrics,8,19,4.82,5
S00101,ICU,8,24,3.09,5
S00102,ICU,10,19,2.2,10
S00103,General Medicine,10,18,1.31,10
S00104,ICU,12,20,3.0,7
S00105,ICU,12,24,4.18,15
S00106,ICU,12,18,3.83,7
S00107,General Medicine,10,28,1.2,15
S00108,ICU,10,21,1.29,3
S00109,Pediatrics,10,21,2.61,19
S00110,General Medicine,10,16,2.18,10
S00111,Pediatrics,10,17,1.93,15
S00112,General Medicine,10,15,2.12,3
S00113,ICU,10,22,4.21,6
S00114,Pediatrics,12,23,4.72,12
S00115,General Medicine,12,18,2.62,15
S00116,ER,12,20,4.62,6
S00117,ICU,12,23,2.29,13
S00118,General Medicine,10,20,2.91,19
S00119,ER,8,28,1.9,3
S00120,General Medicine,10,26,3.56,8
S00121,ER,8,26,4.92,8
S00122,ICU,12,26,3.41,15
S00123,Pediatrics,10,23,2.43,4
S00124,ER,12,29,3.59,19
S00125,General Medicine,10,18,1.49,3
S00126,ICU,12,22,4.55,13
S00127,ER,8,23,3.01,8
S00128,General Medicine,8,18,2.8,16
S00129,General Medicine,8,19,3.34,13
S00130,General Medicine,10,28,3.5,3
S00131,ER,8,22,1.29,16
S00132,ER,10,26,3.73,9
S00133,ER,8,24,1.97,14
S00134,Pediatrics,8,28,3.86,13
S00135,ER,10,20,4.29,7
S00136,ER,10,26,4.22,15
S00137,ER,8,21,3.21,7
S00138,Pediatrics,10,17,3.08,6
S00139,ER,8,21,1.57,2
S00140,General Medicine,10,26,4.1,9
S00141,ER,12,28,2.09,17
S00142,General Medicine,12,22,2.99,5
S00143,General Medicine,12,24,2.14,12
S00144,General Medicine,12,20,1.54,1
S00145,Pediatrics,12,29,3.52,10
S00146,Pediatrics,8,24,1.22,11
S00147,Pediatrics,12,23,3.99,16
S00148,ER,12,27,2.27,14
S00149,General Medicine,12,20,1.0,8
S00150,Pediatrics,12,26,3.04,17
S00151,Pediatrics,10,23,1.19,18
S00152,ER,8,27,2.1,12
S00153,Pediatrics,12,18,3.83,17
S00154,ER,12,22,1.25,14
S00155,ICU,12,25,4.36,16
S00156,Pediatrics,8,18,1.02,14
S00157,ICU,10,16,1.99,9
S00158,ER,8,24,3.96,4
S00159,General Medicine,10,25,2.27,11
S00160,Pediatrics,12,23,1.41,6
S00161,ER,12,19,2.44,15
S00162,General Medicine,8,18,2.08,5
S00163,General Medicine,8,16,4.37,11
S00164,ICU,10,15,2.25,18
S00165,ER,10,25,4.16,13
S00166,General Medicine,8,21,4.57,11
S00167,Pediatrics,10,20,2.74,14
S00168,Pediatrics,8,29,4.64,18
S00169,ICU,10,29,2.51,19
S00170,General Medicine,8,16,4.86,15
S00171,ER,8,22,1.36,9
S00172,Pediatrics,8,25,3.75,8
S00173,General Medicine,10,18,2.98,1
S00174,General Medicine,10,22,2.55,4
S00175,ICU,10,29,3.53,14
S00176,Pediatrics,8,21,3.82,2
S00177,Pediatrics,10,19,1.02,16
S00178,ER,10,24,1.67,3
S00179,Pediatrics,8,24,3.85,8
S00180,ER,12,26,3.67,6
S00181,Pediatrics,8,22,4.86,16
S00182,ICU,10,28,4.04,16
S00183,Pediatrics,8,23,4.8,7
S00184,ER,12,19,3.81,13
S00185,ER,8,24,2.19,13
S00186,ICU,10,19,1.42,5
S00187,Pediatrics,12,16,4.13,18
S00188,Pediatrics,10,19,3.58,15
S00189,ICU,12,17,1.19,18
S00190,Pediatrics,12,21,2.44,2
S00191,Pediatrics,8,24,4.83,10
S00192,ER,8,19,3.0,13
S00193,Pediatrics,10,22,2.73,18
S00194,Pediatrics,8,15,2.83,15
S00195,ICU,8,17,1.84,12
S00196,ICU,12,17,2.47,15
S00197,General Medicine,8,23,2.48,13
S00198,ER,12,19,1.21,18
S00199,Pediatrics,12,26,4.07,15
S00200,Pediatrics,12,23,2.67,11
S00201,General Medicine,10,27,4.29,19
S00202,Pediatrics,10,23,4.4,3
S00203,ER,10,15,1.85,7
S00204,General Medicine,12,16,3.63,14
S00205,ER,10,19,2.89,14
S00206,General Medicine,10,18,4.52,13
S00207,General Medicine,8,29,1.86,12
S00208,ICU,10,24,3.71,9
S00209,ER,10,23,3.43,1
S00210,Pediatrics,12,21,2.18,19
S00211,Pediatrics,12,20,1.55,11
S00212,ER,12,21,3.61,19
S00213,Pediatrics,12,15,3.95,18
S00214,Pediatrics,12,15,2.26,12
S00215,ER,12,22,3.58,1
S00216,General Medicine,10,27,2.58,19
S00217,ER,12,27,3.85,17
S00218,General Medicine,12,16,1.8,5
S00219,Pediatrics,8,26,4.56,3
S00220,Pediatrics,10,24,2.15,2
S00221,Pediatrics,10,25,2.47,3
S00222,ICU,10,23,1.23,8
S00223,General Medicine,12,21,1.45,16
S00224,ICU,12,20,3.06,6
S00225,ICU,12,15,2.07,13
S00226,ER,8,15,4.34,16
S00227,ICU,12,16,1.06,16
S00228,ER,8,20,2.52,3
S00229,ER,10,28,2.35,13
S00230,ICU,12,20,1.08,14
S00231,General Medicine,8,16,1.5,8
S00232,General Medicine,8,15,2.65,12
S00233,General Medicine,12,24,2.97,8
S00234,General Medicine,10,19,2.62,9
S00235,General Medicine,10,19,3.12,1
S00236,ICU,10,16,3.38,6
S00237,ICU,8,20,1.04,19
S00238,Pediatrics,8,23,2.86,11
S00239,General Medicine,8,16,4.85,11
S00240,ICU,8,24,3.08,13
S00241,Pediatrics,10,16,3.71,11
S00242,General Medicine,12,17,2.25,18
S00243,ER,8,27,4.1,15
S00244,Pediatrics,8,21,4.09,1
S00245,ICU,10,20,3.09,7
S00246,ER,12,26,4.9,13
S00247,ER,12,22,1.5,12
S00248,ER,10,29,1.07,18
S00249,Pediatrics,10,22,4.08,19
S00250,ICU,12,20,4.23,15
S00251,ER,8,26,1.48,8
S00252,General Medicine,12,25,2.06,19
S00253,ER,10,24,1.07,10
S00254,ER,8,17,2.17,7
S00255,Pediatrics,8,17,4.09,18
S00256,Pediatrics,10,29,3.07,16
S00257,ICU,10,15,2.39,6
S00258,General Medicine,10,21,2.49,9
S00259,Pediatrics,12,19,1.01,13
S00260,ER,12,18,2.2,8
S00261,ICU,8,24,3.59,16
S00262,ER,10,29,4.9,13
S00263,ER,8,18,4.39,13
S00264,Pediatrics,8,28,1.09,17
S00265,ICU,8,18,4.59,5
S00266,General Medicine,8,20,4.13,17
S00267,General Medicine,10,29,4.12,9
S00268,Pediatrics,8,22,2.83,2
S00269,Pediatrics,10,22,2.59,18
S00270,ICU,10,19,2.21,9
S00271,General Medicine,12,29,1.26,6
S00272,General Medicine,10,20,1.91,11
S00273,General Medicine,12,18,1.99,6
S00274,ER,10,26,2.94,6
S00275,General Medicine,10,28,3.99,13
S00276,ER,10,25,2.9,11
S00277,ICU,12,27,1.23,14
S00278,ER,12,23,4.83,2
S00279,ICU,8,22,4.77,8
S00280,General Medicine,12,24,4.14,3
S00281,General Medicine,12,26,4.97,3
S00282,ICU,12,24,3.18,1
S00283,Pediatrics,12,15,4.85,19
S00284,ICU,8,29,1.3,18
S00285,Pediatrics,12,16,2.46,17
S00286,ER,10,23,1.9,13
S00287,ER,10,22,1.78,3
S00288,ER,12,28,1.56,1
S00289,General Medicine,12,17,3.49,4
S00290,ER,10,22,4.13,13
S00291,Pediatrics,10,26,3.31,17
S00292,ER,8,15,1.59,11
S00293,ICU,10,24,4.24,2
S00294,ICU,10,18,3.54,16
S00295,General Medicine,12,17,2.55,2
S00296,ICU,10,20,3.7,19
S00297,Pediatrics,8,21,2.04,19
S00298,ER,10,18,2.38,16
S00299,General Medicine,12,21,4.67,19
S00300,ER,12,23,2.16,9
S00301,ER,10,25,2.88,1
S00302,Pediatrics,12,16,4.56,10
S00303,ICU,8,25,3.83,19
S00304,ICU,8,17,1.25,1
S00305,ER,10,19,1.59,2
S00306,General Medicine,10,17,1.03,16
S00307,ICU,10,25,3.52,12
S00308,General Medicine,12,22,2.79,8
S00309,ICU,8,26,1.54,18
S00310,General Medicine,8,24,4.83,2
S00311,Pediatrics,12,22,3.12,13
S00312,General Medicine,8,22,1.97,6
S00313,Pediatrics,10,26,3.0,6
S00314,Pediatrics,10,26,3.72,9
S00315,General Medicine,10,23,1.3,16
S00316,Pediatrics,8,18,2.1,11
S00317,ER,10,19,4.23,7
S00318,Pediatrics,12,19,2.84,10
S00319,ICU,12,22,3.19,10
S00320,General Medicine,8,21,2.73,18
S00321,ER,12,23,1.18,9
S00322,General Medicine,12,29,1.66,15
S00323,ICU,8,29,2.78,4
S00324,ICU,10,28,1.84,8
S00325,ICU,10,22,1.2,9
S00326,Pediatrics,10,16,4.37,13
S00327,Pediatrics,8,24,4.92,9
S00328,General Medicine,12,26,4.17,4
S00329,General Medicine,10,18,4.42,17
S00330,ER,10,20,1.97,16
S00331,ER,8,26,4.84,15
S00332,General Medicine,10,16,1.79,3
S00333,Pediatrics,8,21,4.81,5
S00334,ICU,12,17,4.98,5
S00335,General Medicine,8,27,3.85,15
S00336,ER,8,17,4.92,18
S00337,Pediatrics,8,25,3.28,15
S00338,General Medicine,8,16,2.04,2
S00339,General Medicine,12,25,2.75,13
S00340,Pediatrics,12,22,3.37,4
S00341,General Medicine,10,20,1.29,10
S00342,Pediatrics,12,15,3.49,13
S00343,ICU,12,26,4.92,10
S00344,Pediatrics,10,15,1.76,9
S00345,Pediatrics,12,21,4.17,8
S00346,Pediatrics,8,22,4.63,3
S00347,General Medicine,8,19,4.77,16
S00348,General Medicine,10,26,4.84,14
S00349,Pediatrics,10,25,3.09,9
S00350,General Medicine,10,19,4.91,11
S00351,ER,8,18,4.03,3
S00352,ER,12,28,1.65,5
S00353,General Medicine,8,20,2.91,10
S00354,General Medicine,10,28,3.87,13
S00355,Pediatrics,12,20,1.99,4
S00356,ICU,12,17,3.56,13
S00357,General Medicine,8,23,3.67,12
S00358,ER,10,26,1.65,5
S00359,Pediatrics,8,25,3.26,10
S00360,General Medicine,12,28,4.09,9
S00361,ER,8,21,3.0,7
S00362,ER,8,15,1.05,2
S00363,ICU,10,29,1.04,7
S00364,Pediatrics,10,27,2.43,8
S00365,Pediatrics,12,21,4.7,7
S00366,ICU,8,19,1.91,14
S00367,ICU,8,19,3.54,19
S00368,Pediatrics,8,28,1.89,5
S00369,Pediatrics,12,27,2.29,18
S00370,General Medicine,12,16,4.39,12
S00371,General Medicine,10,18,3.92,17
S00372,ICU,10,26,1.38,13
S00373,General Medicine,10,20,2.71,2
S00374,ER,8,24,1.12,13
S00375,General Medicine,8,29,2.92,7
S00376,General Medicine,10,25,3.65,10
S00377,ER,8,21,1.47,6
S00378,ICU,10,25,2.16,3
S00379,ER,12,19,2.59,3
S00380,General Medicine,10,23,4.68,18
S00381,ICU,12,17,4.97,11
S00382,General Medicine,8,15,1.18,5
S00383,ER,10,18,4.04,19
S00384,ER,8,23,2.49,19
S00385,General Medicine,12,18,2.57,15
S00386,Pediatrics,12,16,4.02,16
S00387,Pediatrics,12,24,4.67,9
S00388,ER,8,28,4.8,4
S00389,ER,8,28,3.31,15
S00390,Pediatrics,8,19,2.43,12
S00391,Pediatrics,8,17,4.15,3
S00392,General Medicine,12,27,2.0,14
S00393,General Medicine,12,26,3.26,17
S00394,Pediatrics,10,27,2.43,19
S00395,General Medicine,10,23,3.63,6
S00396,General Medicine,8,18,1.96,4
S00397,ICU,12,20,1.77,7
S00398,General Medicine,12,16,4.67,19
S00399,ER,12,20,1.41,17
S00400,General Medicine,10,17,3.02,16
S00401,General Medicine,10,26,1.88,15
S00402,Pediatrics,12,26,1.16,8
S00403,ER,12,23,1.14,19
S00404,General Medicine,12,25,1.7,8
S00405,General Medicine,10,16,4.47,18
S00406,ICU,12,29,2.13,16
S00407,General Medicine,12,26,4.8,19
S00408,General Medicine,8,26,3.33,10
S00409,ICU,8,23,2.75,17
S00410,Pediatrics,10,19,3.32,13
S00411,General Medicine,12,22,3.07,13
S00412,ICU,12,16,4.04,7
S00413,ER,8,20,2.13,10
S00414,Pediatrics,10,17,2.41,2
S00415,ER,8,26,4.58,4
S00416,ER,8,26,4.79,6
S00417,ICU,8,28,4.57,18
S00418,General Medicine,8,24,2.68,6
S00419,ICU,12,19,4.12,17
S00420,ICU,12,26,2.91,14
S00421,ICU,8,22,2.99,11
S00422,ICU,10,24,1.82,19
S00423,Pediatrics,10,28,3.36,2
S00424,General Medicine,10,15,1.74,3
S00425,ER,10,19,2.33,11
S00426,ER,8,17,4.42,6
S00427,General Medicine,12,18,1.83,14
S00428,ER,10,16,1.28,19
S00429,General Medicine,8,23,1.28,16
S00430,ER,10,17,4.76,7
S00431,ICU,10,29,3.03,8
S00432,ER,8,16,2.64,19
S00433,General Medicine,12,24,4.24,16
S00434,General Medicine,12,25,4.34,7
S00435,General Medicine,8,23,2.33,9
S00436,General Medicine,12,21,3.77,13
S00437,General Medicine,8,20,4.08,1
S00438,Pediatrics,8,15,3.62,8
S00439,Pediatrics,8,19,1.61,4
S00440,ER,12,26,4.5,3
S00441,General Medicine,8,25,3.16,3
S00442,ER,10,28,2.13,13
S00443,General Medicine,12,29,2.7,8
S00444,General Medicine,12,25,1.15,7
S00445,Pediatrics,12,17,1.51,1
S00446,Pediatrics,12,15,4.06,16
S00447,ICU,10,18,1.0,6
S00448,Pediatrics,12,27,2.67,7
S00449,ICU,12,16,3.09,12
S00450,ICU,8,16,1.22,9
S00451,ICU,12,17,4.89,11
S00452,ICU,10,22,1.9,10
S00453,ICU,10,22,2.22,1
S00454,ER,10,26,2.22,18
S00455,Pediatrics,10,29,1.92,4
S00456,ICU,12,21,1.01,5
S00457,General Medicine,12,20,3.92,9
S00458,Pediatrics,10,23,4.87,17
S00459,Pediatrics,10,18,1.9,3
S00460,ICU,12,26,3.65,16
S00461,ER,10,15,3.97,5
S00462,ICU,8,22,4.39,16
S00463,ER,10,21,2.69,3
S00464,General Medicine,10,21,2.21,15
S00465,Pediatrics,8,29,2.3,3
S00466,General Medicine,8,17,3.85,14
S00467,ER,12,18,4.27,16
S00468,ER,12,24,1.73,17
S00469,General Medicine,8,23,2.48,18
S00470,ER,8,29,4.61,18
S00471,General Medicine,12,20,4.23,14
S00472,Pediatrics,10,29,4.94,18
S00473,General Medicine,8,29,4.02,15
S00474,Pediatrics,12,19,2.57,15
S00475,General Medicine,10,17,3.36,6
S00476,ER,8,23,3.64,15
S00477,General Medicine,10,19,1.31,18
S00478,ER,12,19,3.18,4
S00479,General Medicine,8,28,3.84,8
S00480,General Medicine,10,18,1.67,15
S00481,ICU,8,28,4.12,3
S00482,ER,10,18,3.34,15
S00483,ICU,12,26,4.81,13
S00484,ER,12,15,1.17,9
S00485,ICU,8,21,2.06,2
S00486,Pediatrics,10,23,3.41,8
S00487,General Medicine,8,17,2.19,17
S00488,ER,8,26,3.86,13
S00489,ER,10,27,4.04,1
S00490,General Medicine,10,29,1.41,2
S00491,ER,10,16,3.06,15
S00492,ER,12,17,3.04,12
S00493,ICU,8,15,2.48,14
S00494,ER,8,20,4.73,2
S00495,Pediatrics,12,25,4.31,18
S00496,Pediatrics,10,25,3.79,7
S00497,General Medicine,12,21,3.86,6
S00498,ER,12,25,2.85,14
S00499,General Medicine,12,25,4.68,8
S00500,Pediatrics,8,16,3.78,2
S00501,ER,12,22,3.92,17
S00502,ER,8,28,4.45,5
S00503,General Medicine,8,20,2.1,14
S00504,Pediatrics,8,28,4.23,3
S00505,ER,10,18,1.78,5
S00506,General Medicine,8,19,2.38,16
S00507,Pediatrics,8,22,2.34,18
S00508,General Medicine,10,28,4.91,17
S00509,ICU,8,17,4.43,11
S00510,ER,12,17,3.8,17
S00511,ICU,12,28,3.91,16
S00512,Pediatrics,8,29,3.25,2
S00513,ICU,10,28,4.79,4
S00514,ICU,12,25,2.99,7
S00515,Pediatrics,10,18,2.52,2
S00516,General Medicine,10,15,1.65,6
S00517,ICU,12,23,4.14,17
S00518,General Medicine,10,22,3.94,7
S00519,ICU,12,22,2.54,5
S00520,General Medicine,10,28,1.1,5
S00521,Pediatrics,12,24,4.36,16
S00522,ICU,8,20,1.05,19
S00523,Pediatrics,12,21,3.81,9
S00524,ICU,12,20,4.88,5
S00525,Pediatrics,12,23,2.75,8
S00526,Pediatrics,12,17,1.94,9
S00527,ICU,10,28,3.82,5
S00528,ICU,8,17,4.27,10
S00529,ICU,12,17,3.19,2
S00530,ER,10,24,4.87,9
S00531,General Medicine,8,17,1.21,11
S00532,ER,8,23,3.02,4
S00533,ER,8,26,3.87,2
S00534,Pediatrics,8,18,4.45,6
S00535,ICU,12,27,1.72,14
S00536,General Medicine,12,21,4.2,1
S00537,Pediatrics,10,28,3.21,18
S00538,ER,10,29,2.59,7
S00539,ICU,10,23,1.53,1
S00540,Pediatrics,8,25,4.46,1
S00541,ICU,8,26,1.63,1
S00542,Pediatrics,12,21,2.24,4
S00543,ICU,8,23,2.16,4
S00544,ER,8,26,4.49,18
S00545,General Medicine,8,17,3.69,11
S00546,ER,10,29,4.19,1
S00547,General Medicine,10,18,2.0,10
S00548,ICU,12,28,3.5,9
S00549,Pediatrics,8,22,3.29,4
S00550,ER,8,20,4.33,6
S00551,General Medicine,12,19,4.62,16
S00552,ER,8,27,1.05,2
S00553,General Medicine,8,18,3.7,18
S00554,ER,10,22,1.21,10
S00555,General Medicine,12,15,3.2,17
S00556,General Medicine,12,28,2.15,13
S00557,ICU,12,23,2.23,18
S00558,General Medicine,12,15,2.41,13
S00559,ICU,10,22,3.49,17
S00560,General Medicine,10,18,2.34,5
S00561,Pediatrics,8,23,3.93,11
S00562,Pediatrics,8,28,2.62,7
S00563,Pediatrics,8,25,1.27,10
S00564,General Medicine,8,19,4.14,17
S00565,ICU,10,17,2.14,15
S00566,ICU,12,23,2.73,18
S00567,General Medicine,10,25,3.74,19
S00568,Pediatrics,8,28,2.33,2
S00569,Pediatrics,10,28,1.23,4
S00570,ICU,12,23,2.5,3
S00571,Pediatrics,12,18,4.78,7
S00572,ER,10,25,3.57,18
S00573,ICU,10,18,3.69,10
S00574,Pediatrics,10,26,3.53,7
S00575,ICU,8,22,1.8,8
S00576,ER,10,16,2.67,6
S00577,ICU,10,23,4.0,1
S00578,ICU,10,27,1.41,4
S00579,ICU,12,28,2.11,14
S00580,ICU,12,20,2.11,17
S00581,ER,8,23,2.73,18
S00582,General Medicine,8,22,4.92,11
S00583,ICU,12,29,1.27,14
S00584,ICU,12,29,3.07,9
S00585,Pediatrics,12,21,1.72,15
S00586,ICU,10,27,4.88,12
S00587,Pediatrics,10,28,1.45,10
S00588,General Medicine,12,15,2.61,19
S00589,ER,10,28,3.95,19
S00590,ER,10,26,3.82,6
S00591,General Medicine,8,17,2.69,6
S00592,ER,12,25,2.39,8
S00593,General Medicine,12,28,2.59,1
S00594,General Medicine,10,16,2.06,17
S00595,General Medicine,12,19,1.82,17
S00596,ER,8,29,2.93,15
S00597,Pediatrics,8,19,2.07,7
S00598,General Medicine,8,19,2.15,19
S00599,ICU,12,18,3.63,3
S00600,ER,12,19,4.87,11
S00601,General Medicine,12,17,3.41,19
S00602,General Medicine,12,26,1.31,9
S00603,ICU,12,15,1.3,10
S00604,Pediatrics,8,19,4.81,2
S00605,Pediatrics,10,27,2.19,1
S00606,Pediatrics,8,23,1.37,16
S00607,General Medicine,12,27,3.4,18
S00608,General Medicine,8,23,3.49,17
S00609,General Medicine,12,18,3.59,6
S00610,ER,12,17,2.07,14
S00611,ICU,8,15,1.06,15
S00612,General Medicine,12,16,4.86,14
S00613,ICU,10,22,2.0,3
S00614,ICU,12,15,3.7,19
S00615,Pediatrics,10,22,3.83,12
S00616,ER,10,27,3.44,2
S00617,General Medicine,12,21,2.25,3
S00618,Pediatrics,8,29,2.08,18
S00619,Pediatrics,10,22,3.39,1
S00620,General Medicine,8,26,4.46,6
S00621,ICU,10,20,4.79,5
S00622,Pediatrics,12,26,1.42,1
S00623,ICU,12,28,1.62,19
S00624,ER,10,29,4.78,1
S00625,ICU,12,29,3.95,16
S00626,ER,10,23,4.53,12
S00627,ICU,12,17,1.81,8
S00628,Pediatrics,8,24,3.35,16
S00629,Pediatrics,12,18,3.8,1
S00630,ER,8,27,3.72,4
S00631,General Medicine,12,20,2.63,10
S00632,ER,8,22,1.06,11
S00633,ER,12,19,3.33,17
S00634,ICU,8,17,2.01,7
S00635,ICU,10,20,2.8,12
S00636,ER,10,18,4.83,7
S00637,Pediatrics,8,23,2.6,12
S00638,ICU,12,27,4.36,15
S00639,General Medicine,8,17,1.75,2
S00640,ICU,12,18,3.69,14
S00641,ICU,10,21,4.91,13
S00642,General Medicine,12,21,1.41,4
S00643,ER,10,26,1.03,14
S00644,General Medicine,12,26,2.73,14
S00645,ER,12,18,1.37,16
S00646,ER,12,20,3.99,7
S00647,ER,8,26,4.66,19
S00648,General Medicine,8,27,2.74,2
S00649,ER,10,17,2.03,10
S00650,Pediatrics,10,20,2.74,18
S00651,General Medicine,8,26,3.89,17
S00652,Pediatrics,10,16,1.04,5
S00653,ER,8,22,3.36,12
S00654,ICU,12,16,3.45,6
S00655,ER,10,25,3.55,9
S00656,Pediatrics,10,21,1.97,1
S00657,Pediatrics,8,23,3.86,15
S00658,General Medicine,10,15,1.37,6
S00659,ICU,10,22,1.8,19
S00660,General Medicine,12,21,4.51,18
S00661,Pediatrics,10,20,3.95,6
S00662,ER,12,20,1.05,13
S00663,ICU,8,20,1.99,1
S00664,ER,10,23,1.86,13
S00665,ER,12,16,2.08,7
S00666,ICU,8,15,1.99,15
S00667,General Medicine,10,27,1.25,12
S00668,ER,8,26,2.84,1
S00669,Pediatrics,10,20,3.93,15
S00670,ER,8,24,3.43,4
S00671,ICU,8,25,3.69,13
S00672,ICU,12,22,1.32,5
S00673,ICU,8,17,4.81,2
S00674,General Medicine,10,26,4.35,1
S00675,ER,10,24,4.22,16
S00676,General Medicine,12,15,4.29,6
S00677,General Medicine,10,23,4.73,16
S00678,ICU,10,27,3.18,14
S00679,ICU,10,27,1.8,3
S00680,General Medicine,8,15,3.47,15
S00681,ER,8,17,3.97,3
S00682,Pediatrics,10,22,3.95,2
S00683,General Medicine,12,28,3.09,1
S00684,ER,8,17,1.27,9
S00685,ICU,12,27,2.48,9
S00686,ICU,10,18,4.68,7
S00687,ER,10,22,3.34,3
S00688,Pediatrics,8,15,3.15,18
S00689,ICU,10,27,2.08,11
S00690,ICU,8,27,2.47,7
S00691,ICU,10,20,4.58,9
S00692,ER,10,15,3.67,1
S00693,General Medicine,8,28,4.15,14
S00694,ICU,8,15,2.82,6
S00695,General Medicine,8,28,3.52,7
S00696,Pediatrics,10,22,1.99,10
S00697,ICU,10,25,3.82,7
S00698,ICU,12,18,2.71,2
S00699,Pediatrics,8,26,2.77,4
S00700,ICU,10,15,3.6,17
S00701,General Medicine,10,24,4.75,1
S00702,ER,8,21,1.26,10
S00703,General Medicine,12,19,4.3,19
S00704,ER,8,19,2.17,15
S00705,ER,12,15,2.78,10
S00706,General Medicine,10,28,1.09,19
S00707,General Medicine,12,24,2.2,12
S00708,General Medicine,10,25,3.01,16
S00709,General Medicine,8,20,1.22,9
S00710,Pediatrics,8,28,2.96,15
S00711,ICU,8,23,4.71,17
S00712,ER,12,23,1.42,14
S00713,General Medicine,10,22,4.06,18
S00714,General Medicine,8,19,2.64,2
S00715,General Medicine,8,15,3.62,4
S00716,Pediatrics,10,23,2.04,18
S00717,General Medicine,8,15,1.64,7
S00718,General Medicine,10,22,1.64,13
S00719,General Medicine,10,19,1.28,15
S00720,ICU,10,17,1.74,1
S00721,Pediatrics,10,25,3.66,11
S00722,General Medicine,10,21,4.53,10
S00723,ER,12,21,4.26,5
S00724,ER,8,23,3.74,16
S00725,ER,12,21,1.44,11
S00726,Pediatrics,8,27,2.16,6
S00727,Pediatrics,12,25,2.24,9
S00728,ER,10,28,2.0,13
S00729,General Medicine,8,17,3.06,8
S00730,Pediatrics,8,25,3.14,14
S00731,ER,12,27,2.43,1
S00732,ER,12,29,2.42,17
S00733,General Medicine,8,28,4.31,5
S00734,ICU,12,27,4.16,2
S00735,Pediatrics,12,15,2.23,9
S00736,General Medicine,12,22,4.66,4
S00737,ER,10,26,4.81,17
S00738,ER,10,17,2.31,17
S00739,General Medicine,12,26,2.42,18
S00740,Pediatrics,12,22,3.02,16
S00741,ICU,10,22,4.76,8
S00742,ICU,10,27,4.51,11
S00743,ER,8,19,1.41,18
S00744,Pediatrics,8,27,2.57,10
S00745,ICU,10,26,3.21,13
S00746,Pediatrics,12,27,3.01,17
S00747,Pediatrics,12,15,1.78,18
S00748,ER,12,27,4.44,10
S00749,ICU,12,24,3.71,16
S00750,General Medicine,8,21,4.35,5
S00751,ER,10,26,4.44,13
S00752,ICU,12,24,3.99,18
S00753,ICU,8,19,2.76,17
S00754,ICU,12,22,3.44,9
S00755,ICU,10,23,1.64,14
S00756,ICU,8,25,3.69,17
S00757,Pediatrics,10,28,1.72,4
S00758,ER,10,21,3.78,18
S00759,Pediatrics,8,28,1.92,15
S00760,General Medicine,8,27,1.47,11
S00761,ICU,8,29,1.66,12
S00762,ER,8,21,1.01,9
S00763,ICU,8,15,3.87,13
S00764,ER,8,29,3.93,15
S00765,Pediatrics,8,18,3.06,15
S00766,ER,12,16,1.65,5
S00767,General Medicine,10,16,1.33,19
S00768,General Medicine,8,16,1.08,14
S00769,ER,12,18,1.66,17
S00770,ER,12,28,4.56,18
S00771,ER,12,15,1.97,3
S00772,ER,10,29,2.42,2
S00773,General Medicine,8,18,1.42,1
S00774,ICU,12,16,1.89,10
S00775,ER,10,19,3.08,19
S00776,ER,10,17,3.43,17
S00777,General Medicine,10,29,1.98,12
S00778,General Medicine,12,26,1.23,1
S00779,Pediatrics,8,22,2.56,12
S00780,ER,12,18,1.94,17
S00781,Pediatrics,12,15,1.88,3
S00782,General Medicine,8,15,4.84,11
S00783,General Medicine,8,26,3.47,17
S00784,ICU,8,24,3.23,3
S00785,ER,10,17,2.66,8
S00786,Pediatrics,8,29,2.72,4
S00787,General Medicine,12,23,3.16,7
S00788,General Medicine,8,21,3.79,14
S00789,Pediatrics,12,16,3.81,14
S00790,ICU,10,29,1.69,4
S00791,General Medicine,12,27,3.0,16
S00792,ER,12,23,2.65,1
S00793,General Medicine,8,24,4.48,17
S00794,ER,8,16,3.53,10
S00795,Pediatrics,12,17,3.13,16
S00796,ER,8,25,1.46,16
S00797,Pediatrics,10,27,3.42,8
S00798,ER,10,24,1.47,7
S00799,Pediatrics,8,28,2.35,6
S00800,ER,10,16,1.57,16
S00801,ICU,8,17,3.77,16
S00802,ER,12,20,1.83,7
S00803,ER,12,23,2.57,9
S00804,ICU,10,23,4.58,14
S00805,General Medicine,8,21,1.82,11
S00806,General Medicine,8,26,3.03,14
S00807,ER,10,17,2.68,7
S00808,ICU,12,18,1.07,1
S00809,ER,10,20,4.17,13
S00810,Pediatrics,12,25,1.28,3
S00811,Pediatrics,8,19,2.9,4
S00812,ER,12,16,3.24,11
S00813,General Medicine,10,27,3.51,2
S00814,General Medicine,8,20,3.75,14
S00815,ER,10,17,2.01,12
S00816,ER,10,28,1.04,17
S00817,Pediatrics,12,22,3.89,12
S00818,General Medicine,10,16,3.14,12
S00819,ER,12,15,4.34,1
S00820,Pediatrics,8,23,4.29,13
S00821,General Medicine,12,28,4.37,14
S00822,ICU,8,26,2.94,2
S00823,Pediatrics,12,17,2.33,12
S00824,General Medicine,10,25,4.17,16
S00825,General Medicine,12,15,2.81,4
S00826,Pediatrics,12,21,1.73,8
S00827,ICU,8,27,4.42,2
S00828,Pediatrics,10,29,4.53,10
S00829,General Medicine,12,24,2.87,9
S00830,ER,10,19,1.3,15
S00831,ER,12,19,2.55,13
S00832,Pediatrics,12,28,4.21,17
S00833,General Medicine,10,15,4.61,16
S00834,ER,12,29,1.81,2
S00835,General Medicine,10,29,1.27,14
S00836,Pediatrics,12,23,4.51,3
S00837,ER,8,21,2.56,12
S00838,General Medicine,10,22,3.17,8
S00839,ER,12,23,4.87,2
S00840,Pediatrics,12,20,1.27,4
S00841,General Medicine,8,26,3.59,14
S00842,ER,10,19,1.3,16
S00843,Pediatrics,12,20,2.5,19
S00844,ER,8,25,4.22,2
S00845,ER,12,16,2.73,12
S00846,ICU,10,18,4.99,14
S00847,ICU,12,17,3.24,6
S00848,Pediatrics,12,27,2.28,13
S00849,ICU,12,21,1.88,4
S00850,Pediatrics,12,23,2.4,18
S00851,ICU,8,19,2.49,12
S00852,ER,8,20,1.27,19
S00853,Pediatrics,10,24,2.48,8
S00854,Pediatrics,8,28,2.86,7
S00855,ER,8,26,3.89,16
S00856,Pediatrics,10,26,3.63,19
S00857,Pediatrics,8,16,3.84,6
S00858,ICU,8,17,1.03,11
S00859,Pediatrics,10,17,1.87,5
S00860,General Medicine,10,26,3.65,16
S00861,ER,10,26,2.94,7
S00862,ICU,12,29,1.02,5
S00863,ICU,12,23,4.22,11
S00864,General Medicine,10,29,4.09,15
S00865,ER,10,21,3.19,3
S00866,ER,10,22,1.27,5
S00867,ICU,12,25,4.07,5
S00868,Pediatrics,12,24,3.33,9
S00869,ICU,8,25,4.13,15
S00870,ER,8,23,4.01,3
S00871,General Medicine,10,20,4.21,6
S00872,ICU,12,18,3.07,17
S00873,ER,12,26,1.56,8
S00874,ICU,12,15,3.68,11
S00875,Pediatrics,10,22,3.48,6
S00876,ICU,8,21,3.97,8
S00877,ICU,10,16,1.68,10
S00878,ER,8,22,1.78,3
S00879,ER,8,26,4.56,14
S00880,ER,10,19,4.0,14
S00881,ICU,8,21,4.63,10
S00882,Pediatrics,8,18,4.03,12
S00883,General Medicine,12,19,3.39,6
S00884,General Medicine,8,22,3.62,12
S00885,ER,10,15,4.56,14
S00886,ER,10,15,3.32,2
S00887,ICU,8,29,3.53,9
S00888,General Medicine,12,18,1.63,10
S00889,ER,12,17,2.9,17
S00890,Pediatrics,8,27,3.87,17
S00891,Pediatrics,8,24,2.08,3
S00892,ER,10,26,1.81,19
S00893,ER,8,16,2.26,1
S00894,General Medicine,12,26,1.97,12
S00895,General Medicine,8,17,1.86,7
S00896,ICU,10,25,2.7,4
S00897,General Medicine,10,29,4.63,10
S00898,Pediatrics,10,29,3.03,13
S00899,Pediatrics,10,25,1.75,2
S00900,ER,10,28,1.31,10
S00901,General Medicine,8,25,3.78,4
S00902,ICU,8,15,2.53,18
S00903,Pediatrics,8,15,4.29,5
S00904,Pediatrics,8,20,3.64,19
S00905,ICU,10,19,4.18,2
S00906,ICU,12,22,2.09,12
S00907,Pediatrics,8,16,3.77,17
S00908,Pediatrics,12,18,2.06,10
S00909,ICU,8,22,4.76,2
S00910,Pediatrics,8,26,3.55,6
S00911,ER,12,20,2.3,8
S00912,ER,10,15,2.08,19
S00913,ICU,8,29,1.76,11
S00914,General Medicine,8,18,3.78,12
S00915,ICU,8,15,1.87,9
S00916,ICU,12,27,3.38,2
S00917,General Medicine,10,16,2.06,8
S00918,General Medicine,12,19,3.65,11
S00919,General Medicine,12,28,4.26,4
S00920,ER,10,22,4.11,10
S00921,Pediatrics,12,22,4.04,16
S00922,ER,10,25,1.75,8
S00923,Pediatrics,8,17,1.35,4
S00924,ER,10,25,3.8,10
S00925,Pediatrics,8,27,2.47,12
S00926,ER,12,18,2.73,14
S00927,General Medicine,12,24,1.12,16
S00928,ICU,8,25,2.04,18
S00929,ER,12,28,1.13,12
S00930,Pediatrics,10,20,4.52,18
S00931,General Medicine,8,25,1.97,7
S00932,ER,12,25,3.23,7
S00933,ER,8,24,1.16,9
S00934,General Medicine,10,17,3.67,1
S00935,ER,10,16,2.29,6
S00936,ICU,12,20,4.59,6
S00937,ER,10,25,4.55,12
S00938,ICU,8,27,2.3,12
S00939,ICU,10,29,4.6,10
S00940,General Medicine,8,19,4.98,6
S00941,ER,8,28,4.3,17
S00942,General Medicine,10,24,4.38,19
S00943,ER,12,19,2.0,18
S00944,ER,10,24,3.31,6
S00945,Pediatrics,8,27,1.27,19
S00946,ER,8,19,1.38,10
S00947,General Medicine,10,24,5.0,8
S00948,ICU,12,26,2.31,6
S00949,ER,12,19,3.99,7
S00950,Pediatrics,8,17,4.23,1
S00951,General Medicine,8,21,4.43,18
S00952,ER,12,20,4.99,12
S00953,General Medicine,10,18,1.97,16
S00954,Pediatrics,8,16,1.16,10
S00955,Pediatrics,8,26,2.64,10
S00956,General Medicine,12,23,1.52,14
S00957,ER,10,15,1.09,10
S00958,ICU,12,27,2.44,10
S00959,Pediatrics,10,27,4.13,11
S00960,ER,10,25,3.26,2
S00961,ER,10,29,2.25,8
S00962,ICU,8,28,3.62,7
S00963,Pediatrics,12,18,1.93,8
S00964,Pediatrics,12,15,1.06,1
S00965,ER,10,27,4.06,2
S00966,ER,8,20,3.49,18
S00967,ICU,8,18,4.05,15
S00968,ICU,12,19,1.16,1
S00969,Pediatrics,8,19,4.35,5
S00970,General Medicine,8,23,3.48,2
S00971,Pediatrics,10,15,3.25,3
S00972,ER,8,27,3.5,19
S00973,Pediatrics,10,16,4.46,18
S00974,General Medicine,12,27,3.35,18
S00975,ICU,8,20,3.32,14
S00976,General Medicine,12,19,4.96,8
S00977,General Medicine,12,25,4.03,12
S00978,General Medicine,8,21,2.77,10
S00979,ICU,8,17,3.83,17
S00980,General Medicine,12,17,2.56,11
S00981,General Medicine,8,24,1.92,2
S00982,General Medicine,10,16,3.39,4
S00983,ER,10,27,4.71,1
S00984,General Medicine,8,17,4.72,15
S00985,ICU,12,24,2.37,13
S00986,General Medicine,8,15,3.11,8
S00987,General Medicine,8,19,1.85,4
S00988,ICU,12,28,4.98,10
S00989,General Medicine,12,29,4.92,19
S00990,ICU,10,26,3.6,18
S00991,General Medicine,12,19,4.22,5
S00992,ICU,10,26,3.86,19
S00993,General Medicine,12,25,3.37,16
S00994,General Medicine,8,21,1.21,1
S00995,ER,10,18,2.82,12
S00996,ER,10,17,3.7,2
S00997,General Medicine,10,15,3.71,8
S00998,General Medicine,8,26,2.49,18
S00999,Pediatrics,8,29,4.77,16